Nom,Prénom,Salaire de base,Net à payer,Usine,Date de naissance,Numéro de Sécurité Sociale,Fichier
Ben,Nour,30.5,1120.52,Atelier de conditionnement de Sousse,N/A,1497687807,bulletin_de_paie_1.pdf
Guerfali,Anis,30.5,1461.78,Usine Centrale de Sfax,N/A,8642082625,bulletin_de_paie_100.pdf
Laabidi,Fatma,30.5,1291.39,Atelier de pasteurisation de Tunis,N/A,5588504434,bulletin_de_paie_101.pdf
Rekik,Emna,30.5,964.54,Usine Centrale de Sfax,N/A,9381838994,bulletin_de_paie_102.pdf
Khalfallah,Mohamed,30.5,1803.70,Usine Centrale de Sfax,N/A,1161056745,bulletin_de_paie_103.pdf
Ben,Samir,30.5,1802.62,Atelier de pasteurisation de Tunis,N/A,7340858211,bulletin_de_paie_104.pdf
Ben,Sarra,30.5,955.58,Atelier de pasteurisation de Tunis,N/A,9816071052,bulletin_de_paie_105.pdf
Zouari,Fatma,30.5,1011.94,Usine Centrale de Sfax,N/A,5338291149,bulletin_de_paie_106.pdf
Jarraya,Hajer,30.5,1084.68,Usine de Gabès,N/A,1856011131,bulletin_de_paie_107.pdf
Ben,Samir,30.5,1821.50,Atelier de pasteurisation de Tunis,N/A,8625398465,bulletin_de_paie_108.pdf
Gharsalli,Samir,30.5,797.21,Atelier de conditionnement de Sousse,N/A,4745547996,bulletin_de_paie_109.pdf
Zouari,Karim,30.5,1451.03,Atelier de pasteurisation de Tunis,N/A,1876829906,bulletin_de_paie_11.pdf
Gharsalli,Al,30.5,1672.45,Usine de Gabès,N/A,1559580580,bulletin_de_paie_110.pdf
Jarraya,Sarra,30.5,1049.04,Atelier de conditionnement de Sousse,N/A,7657877901,bulletin_de_paie_111.pdf
Chaabani,Al,30.5,1841.22,Atelier de pasteurisation de Tunis,N/A,6523096916,bulletin_de_paie_112.pdf
Jarraya,Sarra,30.5,1430.77,Atelier de conditionnement de Sousse,N/A,6499582937,bulletin_de_paie_113.pdf
Laabidi,Karim,30.5,1075.43,Usine de Gabès,N/A,3623204511,bulletin_de_paie_114.pdf
Laabidi,Fatma,30.5,983.20,Atelier de conditionnement de Sousse,N/A,1755370296,bulletin_de_paie_115.pdf
Jarraya,Sarra,30.5,1300.77,Usine de Gabès,N/A,7153700109,bulletin_de_paie_116.pdf
Masmoudi,Anis,30.5,1129.57,Usine Centrale de Sfax,N/A,9388276040,bulletin_de_paie_117.pdf
Rekik,Hajer,30.5,1008.99,Atelier de conditionnement de Sousse,N/A,3710111003,bulletin_de_paie_118.pdf
Zouari,Amina,30.5,811.17,Atelier de conditionnement de Sousse,N/A,4239732211,bulletin_de_paie_119.pdf
Jarraya,Karim,30.5,1373.08,Atelier de conditionnement de Sousse,N/A,9258545748,bulletin_de_paie_12.pdf
Saidi,Emna,30.5,1738.57,Atelier de pasteurisation de Tunis,N/A,2212422546,bulletin_de_paie_120.pdf
Haddad,Hajer,30.5,832.14,Usine Centrale de Sfax,N/A,1534188070,bulletin_de_paie_121.pdf
Haddad,Hajer,30.5,1334.58,Atelier de pasteurisation de Tunis,N/A,7335441391,bulletin_de_paie_122.pdf
Rekik,Sarra,30.5,1273.33,Atelier de pasteurisation de Tunis,N/A,8381768006,bulletin_de_paie_123.pdf
Khalfallah,Ahmed,30.5,935.15,Atelier de pasteurisation de Tunis,N/A,6395609228,bulletin_de_paie_124.pdf
Gharsalli,Amina,30.5,1237.93,Atelier de conditionnement de Sousse,N/A,3597205459,bulletin_de_paie_125.pdf
Zouari,Emna,30.5,1135.79,Usine Centrale de Sfax,N/A,7257055503,bulletin_de_paie_126.pdf
Jarraya,Nour,30.5,1258.50,Usine de Gabès,N/A,3872258832,bulletin_de_paie_127.pdf
Chaabani,Samir,30.5,1432.60,Atelier de pasteurisation de Tunis,N/A,1050192560,bulletin_de_paie_128.pdf
Gharsalli,Al,30.5,1184.28,Usine de Gabès,N/A,7984492350,bulletin_de_paie_129.pdf
Chaabani,Hajer,30.5,1748.59,Atelier de conditionnement de Sousse,N/A,7207478133,bulletin_de_paie_13.pdf
Laabidi,Nour,30.5,1589.92,Usine Centrale de Sfax,N/A,7258368207,bulletin_de_paie_130.pdf
Jarraya,Anis,30.5,1658.30,Usine de Gabès,N/A,4206951372,bulletin_de_paie_131.pdf
Ben,Sarra,30.5,1071.50,Atelier de conditionnement de Sousse,N/A,9418408387,bulletin_de_paie_132.pdf
Rekik,Karim,30.5,1198.19,Atelier de conditionnement de Sousse,N/A,8106638026,bulletin_de_paie_133.pdf
Zouari,Emna,30.5,1835.27,Atelier de pasteurisation de Tunis,N/A,4461021249,bulletin_de_paie_134.pdf
Haddad,Anis,30.5,1229.81,Usine de Gabès,N/A,3860516579,bulletin_de_paie_135.pdf
Khalfallah,Ahmed,30.5,1828.93,Usine Centrale de Sfax,N/A,5007290865,bulletin_de_paie_136.pdf
Guerfali,Nour,30.5,1312.88,Atelier de conditionnement de Sousse,N/A,9704633566,bulletin_de_paie_137.pdf
Haddad,Ahmed,30.5,958.45,Atelier de conditionnement de Sousse,N/A,9812907872,bulletin_de_paie_138.pdf
Jarraya,Nour,30.5,892.02,Atelier de pasteurisation de Tunis,N/A,2333544700,bulletin_de_paie_139.pdf
Masmoudi,Karim,30.5,1317.24,Atelier de conditionnement de Sousse,N/A,6933957368,bulletin_de_paie_14.pdf
Laabidi,Nour,30.5,1728.22,Atelier de pasteurisation de Tunis,N/A,4222359484,bulletin_de_paie_140.pdf
Masmoudi,Anis,30.5,1844.87,Usine Centrale de Sfax,N/A,2811401122,bulletin_de_paie_141.pdf
Masmoudi,Karim,30.5,1441.00,Usine de Gabès,N/A,3835571963,bulletin_de_paie_142.pdf
Khalfallah,Karim,30.5,1205.70,Atelier de conditionnement de Sousse,N/A,5059771495,bulletin_de_paie_143.pdf
Guerfali,Amina,30.5,1184.52,Usine Centrale de Sfax,N/A,2953882413,bulletin_de_paie_144.pdf
Khalfallah,Hajer,30.5,1186.56,Atelier de pasteurisation de Tunis,N/A,3101434512,bulletin_de_paie_145.pdf
Gharsalli,Ahmed,30.5,1652.06,Usine de Gabès,N/A,8715791292,bulletin_de_paie_146.pdf
Khalfallah,Samir,30.5,994.47,Usine Centrale de Sfax,N/A,2091301694,bulletin_de_paie_147.pdf
Laabidi,Amina,30.5,1614.52,Atelier de pasteurisation de Tunis,N/A,1000266200,bulletin_de_paie_148.pdf
Ben,Emna,30.5,1494.56,Usine Centrale de Sfax,N/A,8587190137,bulletin_de_paie_15.pdf
Ben,Wassim,30.5,1727.80,Atelier de pasteurisation de Tunis,N/A,2436477677,bulletin_de_paie_16.pdf
Rekik,Anis,30.5,1343.65,Atelier de pasteurisation de Tunis,N/A,8418516743,bulletin_de_paie_17.pdf
Rekik,Al,30.5,1420.11,Usine Centrale de Sfax,N/A,9884358893,bulletin_de_paie_18.pdf
Ben,Fatma,30.5,1737.20,Usine de Gabès,N/A,5613165157,bulletin_de_paie_19.pdf
Guerfali,Al,30.5,1702.03,Atelier de conditionnement de Sousse,N/A,6314335720,bulletin_de_paie_2.pdf
Laabidi,Mohamed,30.5,788.58,Atelier de pasteurisation de Tunis,N/A,2948397035,bulletin_de_paie_20.pdf
Saidi,Anis,30.5,1549.91,Atelier de conditionnement de Sousse,N/A,3390820882,bulletin_de_paie_21.pdf
Haddad,Mohamed,30.5,860.55,Atelier de pasteurisation de Tunis,N/A,3122943587,bulletin_de_paie_22.pdf
Guerfali,Al,30.5,1743.26,Usine Centrale de Sfax,N/A,8547791577,bulletin_de_paie_23.pdf
Masmoudi,Wassim,30.5,1039.28,Usine de Gabès,N/A,9457545086,bulletin_de_paie_24.pdf
Masmoudi,Sarra,30.5,1322.05,Usine Centrale de Sfax,N/A,3932256918,bulletin_de_paie_25.pdf
Masmoudi,Hajer,30.5,1108.35,Usine Centrale de Sfax,N/A,9197757258,bulletin_de_paie_26.pdf
Guerfali,Samir,30.5,1204.31,Atelier de pasteurisation de Tunis,N/A,1400541568,bulletin_de_paie_27.pdf
Ben,Samir,30.5,880.79,Atelier de pasteurisation de Tunis,N/A,4320435973,bulletin_de_paie_28.pdf
Saidi,Youssef,30.5,1099.10,Usine de Gabès,N/A,3801458982,bulletin_de_paie_29.pdf
Gharsalli,Karim,30.5,800.84,Usine Centrale de Sfax,N/A,7900149282,bulletin_de_paie_3.pdf
Chaabani,Karim,30.5,1795.57,Usine de Gabès,N/A,7673765427,bulletin_de_paie_30.pdf
Gharsalli,Hajer,30.5,886.75,Atelier de conditionnement de Sousse,N/A,3178852707,bulletin_de_paie_31.pdf
Zouari,Hajer,30.5,831.19,Atelier de pasteurisation de Tunis,N/A,9198353959,bulletin_de_paie_32.pdf
Laabidi,Emna,30.5,1833.94,Atelier de conditionnement de Sousse,N/A,1847101495,bulletin_de_paie_33.pdf
Rekik,Sarra,30.5,1620.57,Usine Centrale de Sfax,N/A,6113883161,bulletin_de_paie_34.pdf
Ben,Sarra,30.5,1114.44,Atelier de conditionnement de Sousse,N/A,2255908502,bulletin_de_paie_35.pdf
Zouari,Hajer,30.5,1836.68,Atelier de conditionnement de Sousse,N/A,8170834907,bulletin_de_paie_36.pdf
Gharsalli,Anis,30.5,1614.21,Usine de Gabès,N/A,4981840261,bulletin_de_paie_37.pdf
Khalfallah,Ahmed,30.5,1183.04,Atelier de pasteurisation de Tunis,N/A,7245385770,bulletin_de_paie_38.pdf
Jarraya,Al,30.5,1844.03,Usine de Gabès,N/A,3031173805,bulletin_de_paie_39.pdf
Ben,Fatma,30.5,1622.12,Usine Centrale de Sfax,N/A,2537406924,bulletin_de_paie_4.pdf
Jarraya,Karim,30.5,1700.14,Usine Centrale de Sfax,N/A,7107456923,bulletin_de_paie_40.pdf
Masmoudi,Fatma,30.5,1634.86,Atelier de pasteurisation de Tunis,N/A,4115137710,bulletin_de_paie_41.pdf
Jarraya,Amina,30.5,1311.49,Usine Centrale de Sfax,N/A,6362082084,bulletin_de_paie_42.pdf
Zouari,Wassim,30.5,1314.95,Usine de Gabès,N/A,2778101903,bulletin_de_paie_43.pdf
Masmoudi,Nour,30.5,1710.21,Usine Centrale de Sfax,N/A,4430039184,bulletin_de_paie_44.pdf
Chaabani,Fatma,30.5,1819.45,Usine Centrale de Sfax,N/A,1074138984,bulletin_de_paie_45.pdf
Haddad,Youssef,30.5,1788.02,Atelier de pasteurisation de Tunis,N/A,4137684543,bulletin_de_paie_46.pdf
Khalfallah,Ahmed,30.5,1795.74,Usine Centrale de Sfax,N/A,3095364629,bulletin_de_paie_47.pdf
Chaabani,Hajer,30.5,1187.14,Usine Centrale de Sfax,N/A,3725258431,bulletin_de_paie_48.pdf
Saidi,Nour,30.5,1682.05,Atelier de conditionnement de Sousse,N/A,5966484546,bulletin_de_paie_49.pdf
Masmoudi,Mohamed,30.5,1620.98,Usine de Gabès,N/A,6274247670,bulletin_de_paie_5.pdf
Chaabani,Karim,30.5,1440.57,Atelier de pasteurisation de Tunis,N/A,3283062240,bulletin_de_paie_50.pdf
Guerfali,Wassim,30.5,1309.93,Usine de Gabès,N/A,6912122023,bulletin_de_paie_51.pdf
Guerfali,Mohamed,30.5,884.96,Atelier de pasteurisation de Tunis,N/A,4962868522,bulletin_de_paie_52.pdf
Ben,Hajer,30.5,1666.84,Usine de Gabès,N/A,8953523341,bulletin_de_paie_53.pdf
Jarraya,Wassim,30.5,850.70,Atelier de conditionnement de Sousse,N/A,6894469829,bulletin_de_paie_54.pdf
Zouari,Hajer,30.5,859.32,Usine Centrale de Sfax,N/A,6685422384,bulletin_de_paie_55.pdf
Khalfallah,Al,30.5,972.97,Usine de Gabès,N/A,6284050821,bulletin_de_paie_56.pdf
Jarraya,Anis,30.5,1190.48,Usine de Gabès,N/A,1911877484,bulletin_de_paie_57.pdf
Zouari,Fatma,30.5,1856.94,Atelier de pasteurisation de Tunis,N/A,4395840585,bulletin_de_paie_58.pdf
Zouari,Anis,30.5,788.49,Usine de Gabès,N/A,9090671105,bulletin_de_paie_59.pdf
Saidi,Al,30.5,817.92,Usine de Gabès,N/A,3114068794,bulletin_de_paie_6.pdf
Ben,Nour,30.5,768.63,Usine Centrale de Sfax,N/A,2561954241,bulletin_de_paie_60.pdf
Zouari,Sarra,30.5,843.00,Atelier de pasteurisation de Tunis,N/A,6310814456,bulletin_de_paie_61.pdf
Saidi,Ahmed,30.5,1129.70,Atelier de conditionnement de Sousse,N/A,7491399174,bulletin_de_paie_62.pdf
Saidi,Amina,30.5,1405.42,Usine Centrale de Sfax,N/A,8363563653,bulletin_de_paie_63.pdf
Chaabani,Youssef,30.5,1230.20,Usine Centrale de Sfax,N/A,7472918873,bulletin_de_paie_64.pdf
Ben,Ahmed,30.5,1830.13,Atelier de conditionnement de Sousse,N/A,6241248498,bulletin_de_paie_65.pdf
Masmoudi,Nour,30.5,1650.75,Atelier de conditionnement de Sousse,N/A,3633718362,bulletin_de_paie_66.pdf
Gharsalli,Sarra,30.5,1179.18,Atelier de pasteurisation de Tunis,N/A,2422460574,bulletin_de_paie_67.pdf
Masmoudi,Youssef,30.5,1862.75,Usine Centrale de Sfax,N/A,2289644511,bulletin_de_paie_68.pdf
Zouari,Ahmed,30.5,792.21,Usine Centrale de Sfax,N/A,2499144358,bulletin_de_paie_69.pdf
Saidi,Amina,30.5,1623.98,Atelier de conditionnement de Sousse,N/A,7927601009,bulletin_de_paie_7.pdf
Jarraya,Samir,30.5,1326.73,Atelier de conditionnement de Sousse,N/A,3806623367,bulletin_de_paie_70.pdf
Masmoudi,Amina,30.5,1463.73,Usine Centrale de Sfax,N/A,3789805276,bulletin_de_paie_71.pdf
Saidi,Wassim,30.5,861.66,Usine de Gabès,N/A,9537898295,bulletin_de_paie_72.pdf
Laabidi,Wassim,30.5,1119.71,Atelier de conditionnement de Sousse,N/A,5390388174,bulletin_de_paie_73.pdf
Saidi,Al,30.5,912.33,Atelier de pasteurisation de Tunis,N/A,7264627651,bulletin_de_paie_74.pdf
Gharsalli,Hajer,30.5,1646.43,Usine Centrale de Sfax,N/A,3703062855,bulletin_de_paie_75.pdf
Saidi,Karim,30.5,1448.59,Atelier de pasteurisation de Tunis,N/A,7583766546,bulletin_de_paie_76.pdf
Masmoudi,Hajer,30.5,1391.54,Atelier de conditionnement de Sousse,N/A,2823866557,bulletin_de_paie_77.pdf
Chaabani,Karim,30.5,838.83,Atelier de pasteurisation de Tunis,N/A,2814672061,bulletin_de_paie_78.pdf
Ben,Youssef,30.5,1803.06,Usine Centrale de Sfax,N/A,6328639853,bulletin_de_paie_79.pdf
Jarraya,Samir,30.5,1461.78,Atelier de pasteurisation de Tunis,N/A,5757264807,bulletin_de_paie_8.pdf
Gharsalli,Samir,30.5,1084.99,Usine de Gabès,N/A,1378242446,bulletin_de_paie_80.pdf
Laabidi,Anis,30.5,1017.21,Atelier de pasteurisation de Tunis,N/A,3814759878,bulletin_de_paie_81.pdf
Chaabani,Nour,30.5,822.74,Atelier de pasteurisation de Tunis,N/A,1447679429,bulletin_de_paie_82.pdf
Chaabani,Wassim,30.5,1100.61,Atelier de pasteurisation de Tunis,N/A,1362258100,bulletin_de_paie_83.pdf
Chaabani,Fatma,30.5,939.21,Usine Centrale de Sfax,N/A,3269627944,bulletin_de_paie_84.pdf
Haddad,Mohamed,30.5,1112.84,Atelier de conditionnement de Sousse,N/A,4164552922,bulletin_de_paie_85.pdf
Chaabani,Samir,30.5,1732.10,Usine Centrale de Sfax,N/A,5617815898,bulletin_de_paie_86.pdf
Ben,Amina,30.5,1298.09,Usine Centrale de Sfax,N/A,4831612538,bulletin_de_paie_87.pdf
Haddad,Amina,30.5,1802.16,Usine de Gabès,N/A,3525934907,bulletin_de_paie_88.pdf
Guerfali,Amina,30.5,1849.18,Atelier de pasteurisation de Tunis,N/A,7999394073,bulletin_de_paie_89.pdf
Jarraya,Fatma,30.5,1060.75,Usine Centrale de Sfax,N/A,1578463553,bulletin_de_paie_9.pdf
Khalfallah,Amina,30.5,1758.51,Usine Centrale de Sfax,N/A,7857298262,bulletin_de_paie_90.pdf
Gharsalli,Fatma,30.5,880.71,Atelier de conditionnement de Sousse,N/A,7056758265,bulletin_de_paie_91.pdf
Ben,Al,30.5,1719.63,Atelier de pasteurisation de Tunis,N/A,4480164798,bulletin_de_paie_92.pdf
Rekik,Anis,30.5,1254.14,Usine de Gabès,N/A,1465742440,bulletin_de_paie_93.pdf
Khalfallah,Ahmed,30.5,869.30,Atelier de pasteurisation de Tunis,N/A,6140146516,bulletin_de_paie_94.pdf
Laabidi,Samir,30.5,1854.14,Usine de Gabès,N/A,5266690569,bulletin_de_paie_95.pdf
Haddad,Sarra,30.5,968.03,Atelier de conditionnement de Sousse,N/A,9764228535,bulletin_de_paie_96.pdf
Zouari,Hajer,30.5,1194.80,Atelier de conditionnement de Sousse,N/A,9733759521,bulletin_de_paie_97.pdf
Jarraya,Al,30.5,1696.86,Usine de Gabès,N/A,6023859670,bulletin_de_paie_98.pdf
Jarraya,Mohamed,30.5,1782.86,Atelier de conditionnement de Sousse,N/A,4395529598,bulletin_de_paie_99.pdf
